"Label (Grouping)","Florida!!Total!!Estimate","Florida!!Total!!Margin of Error","Florida!!Percent!!Estimate","Florida!!Percent!!Margin of Error","Florida!!Male!!Estimate","Florida!!Male!!Margin of Error","Florida!!Percent Male!!Estimate","Florida!!Percent Male!!Margin of Error","Florida!!Female!!Estimate","Florida!!Female!!Margin of Error","Florida!!Percent Female!!Estimate","Florida!!Percent Female!!Margin of Error","Clay County, Florida!!Total!!Estimate","Clay County, Florida!!Total!!Margin of Error","Clay County, Florida!!Percent!!Estimate","Clay County, Florida!!Percent!!Margin of Error","Clay County, Florida!!Male!!Estimate","Clay County, Florida!!Male!!Margin of Error","Clay County, Florida!!Percent Male!!Estimate","Clay County, Florida!!Percent Male!!Margin of Error","Clay County, Florida!!Female!!Estimate","Clay County, Florida!!Female!!Margin of Error","Clay County, Florida!!Percent Female!!Estimate","Clay County, Florida!!Percent Female!!Margin of Error","Duval County, Florida!!Total!!Estimate","Duval County, Florida!!Total!!Margin of Error","Duval County, Florida!!Percent!!Estimate","Duval County, Florida!!Percent!!Margin of Error","Duval County, Florida!!Male!!Estimate","Duval County, Florida!!Male!!Margin of Error","Duval County, Florida!!Percent Male!!Estimate","Duval County, Florida!!Percent Male!!Margin of Error","Duval County, Florida!!Female!!Estimate","Duval County, Florida!!Female!!Margin of Error","Duval County, Florida!!Percent Female!!Estimate","Duval County, Florida!!Percent Female!!Margin of Error","Nassau County, Florida!!Total!!Estimate","Nassau County, Florida!!Total!!Margin of Error","Nassau County, Florida!!Percent!!Estimate","Nassau County, Florida!!Percent!!Margin of Error","Nassau County, Florida!!Male!!Estimate","Nassau County, Florida!!Male!!Margin of Error","Nassau County, Florida!!Percent Male!!Estimate","Nassau County, Florida!!Percent Male!!Margin of Error","Nassau County, Florida!!Female!!Estimate","Nassau County, Florida!!Female!!Margin of Error","Nassau County, Florida!!Percent Female!!Estimate","Nassau County, Florida!!Percent Female!!Margin of Error"
"AGE BY EDUCATIONAL ATTAINMENT","","","","","","","","","","","","","","","","","","","","","","","","","","","","","","","","","","","","","","","","","","","","","","","",""
"    Population 18 to 24 years","1,906,324","±8,750","(X)","(X)","973,133","±5,506","(X)","(X)","933,191","±6,295","(X)","(X)","18,389","±1,387","(X)","(X)","9,936","±980","(X)","(X)","8,453","±876","(X)","(X)","91,872","±404","(X)","(X)","46,480","±211","(X)","(X)","45,392","±355","(X)","(X)","5,890","±752","(X)","(X)","2,773","±130","(X)","(X)","3,117","±710","(X)","(X)"
"        Less than high school graduate","253,196","±10,697","13.3%","±0.6","148,353","±7,635","15.2%","±0.8","104,843","±6,443","11.2%","±0.7","2,228","±789","12.1%","±4.4","1,739","±748","17.5%","±7.7","489","±359","5.8%","±4.3","12,944","±2,402","14.1%","±2.6","6,980","±1,913","15.0%","±4.1","5,964","±1,475","13.1%","±3.2","725","±309","12.3%","±5.3","251","±201","9.1%","±7.2","474","±300","15.2%","±11.4"
"        High school graduate (includes equivalency)","692,535","±14,530","36.3%","±0.7","386,373","±10,722","39.7%","±1.1","306,162","±10,390","32.8%","±1.0","5,984","±1,495","32.5%","±7.5","4,079","±1,423","41.1%","±12.9","1,905","±706","22.5%","±7.8","38,236","±3,647","41.6%","±4.0","22,225","±2,699","47.8%","±5.8","16,011","±2,562","35.3%","±5.6","1,883","±712","32.0%","±13.3","1,013","±521","36.5%","±18.7","870","±481","27.9%","±17.5"
"        Some college or associate's degree","711,471","±14,274","37.3%","±0.7","334,343","±9,949","34.4%","±1.0","377,128","±9,621","40.4%","±1.0","7,914","±1,829","43.0%","±9.1","3,766","±1,312","37.9%","±13.0","4,148","±1,337","49.1%","±14.6","27,859","±3,557","30.3%","±3.9","12,721","±2,110","27.4%","±4.5","15,138","±2,593","33.3%","±5.8","2,743","±1,105","46.6%","±14.6","970","±553","35.0%","±19.8","1,773","±972","56.9%","±21.0"
"        Bachelor's degree or higher","249,122","±11,205","13.1%","±0.6","104,064","±7,863","10.7%","±0.8","145,058","±7,250","15.5%","±0.8","2,263","±953","12.3%","±5.2","352","±227","3.5%","±2.3","1,911","±927","22.6%","±11.0","12,833","±2,213","14.0%","±2.4","4,554","±1,422","9.8%","±3.1","8,279","±1,752","18.2%","±3.8","539","±458","9.2%","±8.0","539","±458","19.4%","±16.6","0","±247","0.0%","±7.8"
"    Population 25 years and over","16,973,955","±8,398","(X)","(X)","8,218,211","±6,824","(X)","(X)","8,755,744","±6,663","(X)","(X)","165,291","±1,386","(X)","(X)","79,403","±943","(X)","(X)","85,888","±890","(X)","(X)","730,444","±413","(X)","(X)","346,005","±388","(X)","(X)","384,439","±258","(X)","(X)","78,614","±888","(X)","(X)","38,949","±1,146","(X)","(X)","39,665","±1,028","(X)","(X)"
"        Less than 9th grade","702,628","±20,583","4.1%","±0.1","364,182","±14,174","4.4%","±0.2","338,446","±12,313","3.9%","±0.1","5,430","±1,740","3.3%","±1.0","2,801","±1,274","3.5%","±1.6","2,629","±994","3.1%","±1.2","23,833","±3,834","3.3%","±0.5","11,163","±2,779","3.2%","±0.8","12,670","±2,121","3.3%","±0.6","1,725","±758","2.2%","±1.0","1,142","±713","2.9%","±1.8","583","±317","1.5%","±0.8"
"        9th to 12th grade, no diploma","933,850","±20,163","5.5%","±0.1","509,672","±14,334","6.2%","±0.2","424,178","±13,350","4.8%","±0.2","7,464","±1,381","4.5%","±0.8","4,348","±1,311","5.5%","±1.7","3,116","±881","3.6%","±1.0","44,141","±4,599","6.0%","±0.6","22,230","±3,134","6.4%","±0.9","21,911","±3,124","5.7%","±0.8","3,543","±1,297","4.5%","±1.7","2,329","±1,114","6.0%","±2.8","1,214","±697","3.1%","±1.7"
"        High school graduate (includes equivalency)","4,489,041","±38,891","26.4%","±0.2","2,274,100","±26,004","27.7%","±0.3","2,214,941","±24,142","25.3%","±0.3","50,247","±4,400","30.4%","±2.7","25,950","±2,750","32.7%","±3.5","24,297","±2,730","28.3%","±3.1","201,554","±9,008","27.6%","±1.2","104,671","±6,023","30.3%","±1.7","96,883","±6,225","25.2%","±1.6","23,463","±2,012","29.8%","±2.5","10,950","±1,315","28.1%","±3.4","12,513","±1,648","31.5%","±4.0"
"        Some college, no degree","3,042,401","±31,703","17.9%","±0.2","1,457,774","±22,344","17.7%","±0.3","1,584,627","±20,448","18.1%","±0.2","37,404","±3,522","22.6%","±2.1","16,781","±2,441","21.1%","±3.1","20,623","±2,772","24.0%","±3.2","140,399","±8,502","19.2%","±1.2","64,180","±5,108","18.5%","±1.5","76,219","±6,360","19.8%","±1.7","14,644","±2,165","18.6%","±2.7","7,456","±1,382","19.1%","±3.5","7,188","±1,349","18.1%","±3.4"
"        Associate's degree","1,723,184","±24,271","10.2%","±0.1","733,285","±17,630","8.9%","±0.2","989,899","±17,157","11.3%","±0.2","19,840","±2,611","12.0%","±1.6","8,287","±1,828","10.4%","±2.3","11,553","±2,074","13.5%","±2.4","60,515","±4,556","8.3%","±0.6","23,052","±2,772","6.7%","±0.8","37,463","±3,336","9.7%","±0.9","5,816","±1,341","7.4%","±1.7","2,776","±868","7.1%","±2.2","3,040","±916","7.7%","±2.3"
"        Bachelor's degree","3,758,332","±33,166","22.1%","±0.2","1,768,988","±23,852","21.5%","±0.3","1,989,344","±23,032","22.7%","±0.3","30,038","±3,561","18.2%","±2.1","14,346","±1,986","18.1%","±2.4","15,692","±2,741","18.3%","±3.2","171,802","±7,004","23.5%","±1.0","80,454","±4,624","23.3%","±1.3","91,348","±5,123","23.8%","±1.3","18,369","±2,323","23.4%","±3.0","9,231","±1,582","23.7%","±4.0","9,138","±1,343","23.0%","±3.6"
"        Graduate or professional degree","2,324,519","±26,838","13.7%","±0.2","1,110,210","±19,904","13.5%","±0.2","1,214,309","±18,571","13.9%","±0.2","14,868","±2,695","9.0%","±1.6","6,890","±1,690","8.7%","±2.1","7,978","±1,808","9.3%","±2.1","88,200","±5,585","12.1%","±0.8","40,255","±3,490","11.6%","±1.0","47,945","±4,359","12.5%","±1.1","11,054","±1,818","14.1%","±2.3","5,065","±1,203","13.0%","±3.0","5,989","±1,391","15.1%","±3.3"
"        High school graduate or higher","15,337,477","±28,574","90.4%","±0.2","7,344,357","±21,530","89.4%","±0.3","7,993,120","±17,886","91.3%","±0.2","152,397","±2,518","92.2%","±1.4","72,254","±2,191","91.0%","±2.4","80,143","±1,508","93.3%","±1.5","662,470","±5,524","90.7%","±0.8","312,612","±3,454","90.3%","±1.0","349,858","±3,630","91.0%","±1.0","73,346","±1,572","93.3%","±1.7","35,478","±1,461","91.1%","±2.9","37,868","±1,153","95.5%","±1.9"
"        Bachelor's degree or higher","6,082,851","±36,562","35.8%","±0.2","2,879,198","±28,428","35.0%","±0.4","3,203,653","±24,414","36.6%","±0.3","44,906","±3,891","27.2%","±2.3","21,236","±2,416","26.7%","±2.9","23,670","±2,974","27.6%","±3.5","260,002","±8,199","35.6%","±1.1","120,709","±5,581","34.9%","±1.6","139,293","±5,890","36.2%","±1.5","29,423","±2,531","37.4%","±3.3","14,296","±1,821","36.7%","±4.5","15,127","±1,589","38.1%","±4.0"
"    Population 25 to 34 years","2,925,033","±10,723","(X)","(X)","1,478,029","±6,303","(X)","(X)","1,447,004","±7,144","(X)","(X)","29,879","±2,233","(X)","(X)","14,463","±1,324","(X)","(X)","15,416","±1,572","(X)","(X)","165,648","±318","(X)","(X)","81,269","±237","(X)","(X)","84,379","±213","(X)","(X)","10,703","±1,097","(X)","(X)","5,442","±872","(X)","(X)","5,261","±494","(X)","(X)"
"        High school graduate or higher","2,692,163","±13,174","92.0%","±0.4","1,337,494","±9,234","90.5%","±0.5","1,354,669","±9,165","93.6%","±0.5","26,988","±2,094","90.3%","±4.7","12,697","±1,615","87.8%","±8.6","14,291","±1,574","92.7%","±3.9","153,164","±2,578","92.5%","±1.5","73,981","±2,040","91.0%","±2.5","79,183","±1,798","93.8%","±2.1","10,243","±1,067","95.7%","±4.0","5,255","±884","96.6%","±4.6","4,988","±587","94.8%","±6.5"
"        Bachelor's degree or higher","1,089,100","±18,749","37.2%","±0.6","490,651","±13,516","33.2%","±0.9","598,449","±12,750","41.4%","±0.9","8,097","±2,271","27.1%","±7.5","3,505","±1,246","24.2%","±8.3","4,592","±1,366","29.8%","±9.4","63,342","±4,536","38.2%","±2.7","25,909","±2,923","31.9%","±3.6","37,433","±3,243","44.4%","±3.8","4,235","±1,136","39.6%","±9.5","2,204","±905","40.5%","±13.0","2,031","±656","38.6%","±12.3"
"    Population 35 to 44 years","3,064,472","±9,110","(X)","(X)","1,545,051","±5,746","(X)","(X)","1,519,421","±6,774","(X)","(X)","30,872","±2,192","(X)","(X)","15,091","±1,390","(X)","(X)","15,781","±1,586","(X)","(X)","149,765","±279","(X)","(X)","73,911","±205","(X)","(X)","75,854","±148","(X)","(X)","12,605","±1,173","(X)","(X)","6,347","±638","(X)","(X)","6,258","±736","(X)","(X)"
"        High school graduate or higher","2,783,751","±15,327","90.8%","±0.4","1,376,671","±10,949","89.1%","±0.6","1,407,080","±8,565","92.6%","±0.5","28,863","±2,011","93.5%","±2.7","13,901","±1,309","92.1%","±4.7","14,962","±1,579","94.8%","±4.0","133,282","±2,960","89.0%","±2.0","64,704","±2,066","87.5%","±2.8","68,578","±1,826","90.4%","±2.4","11,900","±1,127","94.4%","±4.4","5,692","±655","89.7%","±8.5","6,208","±729","99.2%","±1.3"
"        Bachelor's degree or higher","1,201,644","±18,720","39.2%","±0.6","537,240","±13,392","34.8%","±0.8","664,404","±12,815","43.7%","±0.8","8,240","±1,767","26.7%","±6.0","3,331","±1,046","22.1%","±7.0","4,909","±1,480","31.1%","±9.1","60,082","±4,367","40.1%","±2.9","30,277","±3,167","41.0%","±4.3","29,805","±2,789","39.3%","±3.7","4,717","±1,254","37.4%","±9.6","1,946","±784","30.7%","±12.0","2,771","±792","44.3%","±12.1"
"    Population 45 to 64 years","5,890,097","±9,887","(X)","(X)","2,879,962","±6,750","(X)","(X)","3,010,135","±6,891","(X)","(X)","61,452","±2,498","(X)","(X)","30,479","±1,605","(X)","(X)","30,973","±1,629","(X)","(X)","245,827","±415","(X)","(X)","117,666","±387","(X)","(X)","128,161","±200","(X)","(X)","27,844","±1,534","(X)","(X)","14,085","±1,214","(X)","(X)","13,759","±738","(X)","(X)"
"        High school graduate or higher","5,311,367","±19,318","90.2%","±0.3","2,556,797","±13,261","88.8%","±0.4","2,754,570","±11,678","91.5%","±0.3","56,640","±2,802","92.2%","±2.1","27,511","±1,960","90.3%","±3.6","29,129","±1,857","94.0%","±2.4","222,564","±2,905","90.5%","±1.2","107,616","±1,725","91.5%","±1.5","114,948","±2,516","89.7%","±2.0","25,399","±1,612","91.2%","±3.6","12,425","±1,028","88.2%","±5.6","12,974","±929","94.3%","±3.4"
"        Bachelor's degree or higher","2,081,829","±25,173","35.3%","±0.4","968,699","±15,909","33.6%","±0.6","1,113,130","±16,552","37.0%","±0.5","17,184","±2,151","28.0%","±3.4","8,600","±1,524","28.2%","±4.9","8,584","±1,644","27.7%","±5.0","82,975","±5,015","33.8%","±2.0","39,115","±3,216","33.2%","±2.7","43,860","±3,659","34.2%","±2.9","8,708","±1,542","31.3%","±5.9","3,910","±934","27.8%","±7.2","4,798","±1,084","34.9%","±7.9"
"    Population 65 years and over","5,094,353","±4,646","(X)","(X)","2,315,169","±3,416","(X)","(X)","2,779,184","±3,087","(X)","(X)","43,088","±1,105","(X)","(X)","19,370","±924","(X)","(X)","23,718","±533","(X)","(X)","169,204","±329","(X)","(X)","73,159","±275","(X)","(X)","96,045","±164","(X)","(X)","27,462","±829","(X)","(X)","13,075","±705","(X)","(X)","14,387","±718","(X)","(X)"
"        High school graduate or higher","4,550,196","±13,829","89.3%","±0.3","2,073,395","±9,792","89.6%","±0.4","2,476,801","±9,587","89.1%","±0.3","39,906","±1,350","92.6%","±2.2","18,145","±1,068","93.7%","±2.9","21,761","±716","91.7%","±2.7","153,460","±2,340","90.7%","±1.4","66,311","±1,420","90.6%","±1.9","87,149","±1,561","90.7%","±1.6","25,804","±1,010","94.0%","±1.9","12,106","±798","92.6%","±3.1","13,698","±718","95.2%","±2.1"
"        Bachelor's degree or higher","1,710,278","±20,099","33.6%","±0.4","882,608","±13,231","38.1%","±0.6","827,670","±12,564","29.8%","±0.4","11,385","±1,563","26.4%","±3.7","5,800","±862","29.9%","±4.5","5,585","±1,294","23.5%","±5.4","53,603","±4,100","31.7%","±2.4","25,408","±2,000","34.7%","±2.7","28,195","±2,907","29.4%","±3.0","11,763","±1,271","42.8%","±4.5","6,236","±906","47.7%","±6.1","5,527","±899","38.4%","±6.2"
"RACE AND HISPANIC OR LATINO ORIGIN BY EDUCATIONAL ATTAINMENT","","","","","","","","","","","","","","","","","","","","","","","","","","","","","","","","","","","","","","","","","","","","","","","",""
"    White alone","9,763,238","±27,016","(X)","(X)","4,755,377","±15,041","(X)","(X)","5,007,861","±17,132","(X)","(X)","116,792","±1,931","(X)","(X)","57,790","±864","(X)","(X)","59,002","±1,495","(X)","(X)","395,892","±4,433","(X)","(X)","192,385","±2,307","(X)","(X)","203,507","±2,957","(X)","(X)","67,663","±1,289","(X)","(X)","32,916","±995","(X)","(X)","34,747","±495","(X)","(X)"
"        High school graduate or higher","9,196,114","±27,249","94.2%","±0.2","4,451,212","±16,643","93.6%","±0.2","4,744,902","±16,768","94.7%","±0.2","108,194","±2,314","92.6%","±1.5","52,936","±1,546","91.6%","±2.5","55,258","±1,669","93.7%","±1.7","370,087","±4,887","93.5%","±0.9","177,643","±3,015","92.3%","±1.4","192,444","±3,415","94.6%","±1.1","63,472","±1,408","93.8%","±2.0","30,361","±840","92.2%","±3.1","33,111","±887","95.3%","±2.1"
"        Bachelor's degree or higher","3,833,282","±28,772","39.3%","±0.3","1,880,950","±20,716","39.6%","±0.4","1,952,332","±19,766","39.0%","±0.4","33,549","±3,314","28.7%","±2.7","16,982","±2,134","29.4%","±3.5","16,567","±2,255","28.1%","±3.7","159,281","±5,218","40.2%","±1.2","77,040","±3,688","40.0%","±1.9","82,241","±4,070","40.4%","±1.8","25,883","±2,479","38.3%","±3.6","12,429","±1,521","37.8%","±4.7","13,454","±1,631","38.7%","±4.6"
"    White alone, not Hispanic or Latino","9,010,142","±11,133","(X)","(X)","4,392,243","±5,900","(X)","(X)","4,617,899","±7,127","(X)","(X)","113,908","±1,470","(X)","(X)","56,205","±520","(X)","(X)","57,703","±1,275","(X)","(X)","377,667","±3,080","(X)","(X)","184,413","±1,495","(X)","(X)","193,254","±1,967","(X)","(X)","66,137","±712","(X)","(X)","31,975","±508","(X)","(X)","34,162","±292","(X)","(X)"
"        High school graduate or higher","8,541,888","±15,178","94.8%","±0.1","4,141,411","±10,433","94.3%","±0.2","4,400,477","±9,528","95.3%","±0.2","105,310","±2,157","92.5%","±1.6","51,351","±1,470","91.4%","±2.6","53,959","±1,524","93.5%","±1.7","354,539","±4,082","93.9%","±0.8","171,451","±2,458","93.0%","±1.2","183,088","±2,771","94.7%","±1.1","62,657","±1,349","94.7%","±1.7","30,131","±816","94.2%","±2.2","32,526","±776","95.2%","±2.1"
"        Bachelor's degree or higher","3,579,924","±29,075","39.7%","±0.3","1,766,317","±20,319","40.2%","±0.5","1,813,607","±19,194","39.3%","±0.4","32,238","±3,165","28.3%","±2.7","16,032","±1,984","28.5%","±3.5","16,206","±2,190","28.1%","±3.7","153,086","±4,889","40.5%","±1.2","74,184","±3,622","40.2%","±1.9","78,902","±3,694","40.8%","±1.8","25,298","±2,436","38.3%","±3.7","12,429","±1,521","38.9%","±4.8","12,869","±1,597","37.7%","±4.6"
"    Black alone","2,290,150","±13,979","(X)","(X)","1,076,725","±8,999","(X)","(X)","1,213,425","±8,295","(X)","(X)","20,111","±1,189","(X)","(X)","9,688","±1,052","(X)","(X)","10,423","±570","(X)","(X)","195,619","±3,220","(X)","(X)","87,436","±2,155","(X)","(X)","108,183","±2,234","(X)","(X)","N","N","(X)","(X)","N","N","(X)","(X)","N","N","(X)","(X)"
"        High school graduate or higher","1,981,427","±17,629","86.5%","±0.6","911,242","±11,955","84.6%","±0.8","1,070,185","±10,024","88.2%","±0.7","18,741","±1,510","93.2%","±4.6","8,902","±1,278","91.9%","±7.6","9,839","±713","94.4%","±4.6","176,009","±3,675","90.0%","±1.4","79,732","±2,848","91.2%","±2.4","96,277","±2,574","89.0%","±1.7","N","N","N","N","N","N","N","N","N","N","N","N"
"        Bachelor's degree or higher","574,377","±17,012","25.1%","±0.7","241,965","±11,024","22.5%","±1.0","332,412","±11,140","27.4%","±0.9","4,254","±1,708","21.2%","±9.1","1,391","±731","14.4%","±7.4","2,863","±1,441","27.5%","±14.2","50,337","±5,465","25.7%","±2.7","20,332","±3,717","23.3%","±4.2","30,005","±4,104","27.7%","±3.7","N","N","N","N","N","N","N","N","N","N","N","N"
"    American Indian or Alaska Native alone","65,170","±6,538","(X)","(X)","35,584","±4,166","(X)","(X)","29,586","±3,761","(X)","(X)","N","N","(X)","(X)","N","N","(X)","(X)","N","N","(X)","(X)","N","N","(X)","(X)","N","N","(X)","(X)","N","N","(X)","(X)","N","N","(X)","(X)","N","N","(X)","(X)","N","N","(X)","(X)"
"        High school graduate or higher","47,315","±5,028","72.6%","±4.4","24,473","±3,117","68.8%","±5.4","22,842","±3,140","77.2%","±5.5","N","N","N","N","N","N","N","N","N","N","N","N","N","N","N","N","N","N","N","N","N","N","N","N","N","N","N","N","N","N","N","N","N","N","N","N"
"        Bachelor's degree or higher","11,136","±1,461","17.1%","±2.2","4,506","±1,040","12.7%","±2.9","6,630","±1,412","22.4%","±4.2","N","N","N","N","N","N","N","N","N","N","N","N","N","N","N","N","N","N","N","N","N","N","N","N","N","N","N","N","N","N","N","N","N","N","N","N"
"    Asian alone","545,888","±7,332","(X)","(X)","243,674","±4,195","(X)","(X)","302,214","±5,302","(X)","(X)","6,008","±664","(X)","(X)","2,147","±523","(X)","(X)","3,861","±560","(X)","(X)","38,852","±2,012","(X)","(X)","16,444","±1,143","(X)","(X)","22,408","±1,344","(X)","(X)","N","N","(X)","(X)","N","N","(X)","(X)","N","N","(X)","(X)"
"        High school graduate or higher","490,824","±8,050","89.9%","±0.8","221,324","±4,477","90.8%","±1.0","269,500","±6,178","89.2%","±1.1","5,463","±796","90.9%","±6.8","1,983","±547","92.4%","±7.8","3,480","±620","90.1%","±7.8","32,943","±2,488","84.8%","±4.3","13,719","±1,418","83.4%","±6.1","19,224","±1,722","85.8%","±5.2","N","N","N","N","N","N","N","N","N","N","N","N"
"        Bachelor's degree or higher","308,322","±8,519","56.5%","±1.6","142,003","±5,369","58.3%","±2.1","166,319","±6,276","55.0%","±1.8","2,336","±867","38.9%","±13.6","674","±406","31.4%","±18.4","1,662","±711","43.0%","±15.3","20,124","±2,517","51.8%","±5.5","7,972","±1,527","48.5%","±8.6","12,152","±1,690","54.2%","±6.3","N","N","N","N","N","N","N","N","N","N","N","N"
"    Native Hawaiian and Other Pacific Islander alone","11,866","±2,974","(X)","(X)","5,645","±1,773","(X)","(X)","6,221","±2,030","(X)","(X)","N","N","(X)","(X)","N","N","(X)","(X)","N","N","(X)","(X)","N","N","(X)","(X)","N","N","(X)","(X)","N","N","(X)","(X)","N","N","(X)","(X)","N","N","(X)","(X)","N","N","(X)","(X)"
"        High school graduate or higher","10,437","±2,819","88.0%","±4.8","4,835","±1,745","85.7%","±7.9","5,602","±1,897","90.0%","±6.0","N","N","N","N","N","N","N","N","N","N","N","N","N","N","N","N","N","N","N","N","N","N","N","N","N","N","N","N","N","N","N","N","N","N","N","N"
"        Bachelor's degree or higher","3,021","±1,414","25.5%","±8.9","749","±499","13.3%","±8.8","2,272","±1,133","36.5%","±11.2","N","N","N","N","N","N","N","N","N","N","N","N","N","N","N","N","N","N","N","N","N","N","N","N","N","N","N","N","N","N","N","N","N","N","N","N"
"    Some other race alone","1,086,624","±28,076","(X)","(X)","548,178","±17,047","(X)","(X)","538,446","±15,582","(X)","(X)","5,253","±1,909","(X)","(X)","2,661","±1,137","(X)","(X)","2,592","±1,029","(X)","(X)","23,782","±3,787","(X)","(X)","11,569","±2,522","(X)","(X)","12,213","±2,536","(X)","(X)","N","N","(X)","(X)","N","N","(X)","(X)","N","N","(X)","(X)"
"        High school graduate or higher","861,990","±25,842","79.3%","±1.1","424,611","±15,280","77.5%","±1.3","437,379","±14,324","81.2%","±1.4","4,350","±1,486","82.8%","±9.3","2,281","±1,048","85.7%","±14.1","2,069","±928","79.8%","±20.1","19,050","±3,658","80.1%","±9.1","9,305","±2,461","80.4%","±8.7","9,745","±2,174","79.8%","±11.9","N","N","N","N","N","N","N","N","N","N","N","N"
"        Bachelor's degree or higher","273,315","±11,408","25.2%","±0.9","123,268","±7,643","22.5%","±1.2","150,047","±7,529","27.9%","±1.3","1,358","±719","25.9%","±13.1","753","±566","28.3%","±18.3","605","±388","23.3%","±16.2","7,207","±2,147","30.3%","±8.0","2,785","±1,188","24.1%","±8.9","4,422","±1,486","36.2%","±9.9","N","N","N","N","N","N","N","N","N","N","N","N"
"    Two or more races","3,211,019","±36,147","(X)","(X)","1,553,028","±19,794","(X)","(X)","1,657,991","±22,619","(X)","(X)","16,193","±2,676","(X)","(X)","6,734","±1,370","(X)","(X)","9,459","±1,845","(X)","(X)","72,557","±5,365","(X)","(X)","36,085","±3,199","(X)","(X)","36,472","±3,411","(X)","(X)","3,273","±1,113","(X)","(X)","1,715","±778","(X)","(X)","1,558","±791","(X)","(X)"
"        High school graduate or higher","2,749,370","±36,934","85.6%","±0.5","1,306,660","±21,739","84.1%","±0.7","1,442,710","±22,755","87.0%","±0.5","14,839","±2,662","91.6%","±5.4","5,769","±1,371","85.7%","±10.9","9,070","±1,874","95.9%","±3.6","61,901","±5,102","85.3%","±3.7","30,679","±3,444","85.0%","±5.0","31,222","±3,303","85.6%","±4.7","3,148","±1,065","96.2%","±5.6","1,701","±777","99.2%","±1.6","1,447","±698","92.9%","±10.8"
"        Bachelor's degree or higher","1,079,398","±19,156","33.6%","±0.6","485,757","±12,208","31.3%","±0.8","593,641","±14,879","35.8%","±0.8","3,300","±1,291","20.4%","±7.4","1,436","±775","21.3%","±10.5","1,864","±1,047","19.7%","±10.5","22,450","±3,784","30.9%","±5.0","12,417","±2,773","34.4%","±6.8","10,033","±2,228","27.5%","±5.7","1,147","±512","35.0%","±14.1","690","±395","40.2%","±20.2","457","±344","29.3%","±22.1"
"    Hispanic or Latino Origin","4,553,083","±4,014","(X)","(X)","2,236,527","±3,098","(X)","(X)","2,316,556","±2,880","(X)","(X)","17,931","±633","(X)","(X)","8,221","±308","(X)","(X)","9,710","±516","(X)","(X)","88,445","*****","(X)","(X)","44,057","*****","(X)","(X)","44,388","*****","(X)","(X)","4,634","±330","(X)","(X)","2,317","±407","(X)","(X)","2,317","±234","(X)","(X)"
"        High school graduate or higher","3,792,991","±24,285","83.3%","±0.5","1,822,551","±15,287","81.5%","±0.7","1,970,440","±14,012","85.1%","±0.6","15,787","±1,066","88.0%","±5.1","6,926","±742","84.2%","±8.7","8,861","±864","91.3%","±7.4","72,452","±3,234","81.9%","±3.7","35,180","±1,989","79.9%","±4.5","37,272","±2,210","84.0%","±5.0","3,285","±751","70.9%","±17.3","1,129","±738","48.7%","±35.1","2,156","±239","93.1%","±9.0"
"        Bachelor's degree or higher","1,399,534","±20,718","30.7%","±0.5","628,868","±12,684","28.1%","±0.6","770,666","±14,688","33.3%","±0.6","4,174","±1,425","23.3%","±7.8","2,009","±957","24.4%","±11.4","2,165","±1,100","22.3%","±11.0","26,774","±3,364","30.3%","±3.8","12,901","±2,096","29.3%","±4.8","13,873","±2,357","31.3%","±5.3","1,310","±468","28.3%","±9.9","119","±174","5.1%","±7.5","1,191","±475","51.4%","±20.7"
"POVERTY RATE FOR THE POPULATION 25 YEARS AND OVER FOR WHOM POVERTY STATUS IS DETERMINED BY EDUCATIONAL ATTAINMENT LEVEL","","","","","","","","","","","","","","","","","","","","","","","","","","","","","","","","","","","","","","","","","","","","","","","",""
"    Less than high school graduate","(X)","(X)","23.0%","±0.7","(X)","(X)","19.5%","±0.9","(X)","(X)","27.0%","±1.0","(X)","(X)","23.2%","±6.9","(X)","(X)","19.1%","±9.6","(X)","(X)","28.7%","±10.2","(X)","(X)","23.3%","±3.5","(X)","(X)","21.0%","±4.7","(X)","(X)","25.5%","±5.7","(X)","(X)","9.5%","±6.4","(X)","(X)","9.5%","±8.5","(X)","(X)","9.5%","±10.2"
"    High school graduate (includes equivalency)","(X)","(X)","13.7%","±0.4","(X)","(X)","11.5%","±0.5","(X)","(X)","15.8%","±0.5","(X)","(X)","11.2%","±4.5","(X)","(X)","10.7%","±6.0","(X)","(X)","11.8%","±4.2","(X)","(X)","14.2%","±1.9","(X)","(X)","12.4%","±2.6","(X)","(X)","16.1%","±2.4","(X)","(X)","9.8%","±4.9","(X)","(X)","11.2%","±6.5","(X)","(X)","8.6%","±4.3"
"    Some college or associate's degree","(X)","(X)","9.6%","±0.3","(X)","(X)","7.6%","±0.3","(X)","(X)","11.3%","±0.4","(X)","(X)","8.5%","±3.3","(X)","(X)","4.6%","±2.9","(X)","(X)","11.6%","±5.1","(X)","(X)","10.8%","±1.6","(X)","(X)","6.9%","±1.8","(X)","(X)","13.8%","±2.4","(X)","(X)","8.2%","±4.1","(X)","(X)","5.3%","±3.0","(X)","(X)","11.2%","±6.8"
"    Bachelor's degree or higher","(X)","(X)","5.8%","±0.3","(X)","(X)","5.3%","±0.3","(X)","(X)","6.2%","±0.3","(X)","(X)","5.2%","±2.3","(X)","(X)","7.2%","±3.5","(X)","(X)","3.3%","±2.0","(X)","(X)","4.3%","±0.8","(X)","(X)","4.2%","±1.2","(X)","(X)","4.3%","±1.1","(X)","(X)","6.2%","±2.9","(X)","(X)","6.5%","±3.8","(X)","(X)","5.9%","±3.6"
"MEDIAN EARNINGS IN THE PAST 12 MONTHS (IN 2024 INFLATION-ADJUSTED DOLLARS)","","","","","","","","","","","","","","","","","","","","","","","","","","","","","","","","","","","","","","","","","","","","","","","",""
"    Population 25 years and over with earnings","48,103","±447","(X)","(X)","52,456","±445","(X)","(X)","42,003","±211","(X)","(X)","48,166","±3,349","(X)","(X)","52,283","±4,079","(X)","(X)","42,916","±4,667","(X)","(X)","50,020","±1,440","(X)","(X)","54,691","±3,613","(X)","(X)","46,115","±1,723","(X)","(X)","51,020","±2,051","(X)","(X)","60,513","±3,917","(X)","(X)","42,233","±6,317","(X)","(X)"
"        Less than high school graduate","31,252","±358","(X)","(X)","34,538","±1,181","(X)","(X)","25,936","±819","(X)","(X)","34,383","±9,593","(X)","(X)","34,436","±15,222","(X)","(X)","34,242","±22,328","(X)","(X)","36,038","±2,722","(X)","(X)","36,817","±3,860","(X)","(X)","34,774","±4,145","(X)","(X)","47,963","±18,692","(X)","(X)","48,233","±21,523","(X)","(X)","45,974","±56,994","(X)","(X)"
"        High school graduate (includes equivalency)","37,044","±281","(X)","(X)","41,625","±296","(X)","(X)","31,970","±280","(X)","(X)","40,636","±6,653","(X)","(X)","45,996","±6,000","(X)","(X)","36,586","±2,575","(X)","(X)","37,195","±1,903","(X)","(X)","40,457","±1,801","(X)","(X)","35,293","±2,197","(X)","(X)","42,589","±7,132","(X)","(X)","52,391","±11,360","(X)","(X)","32,500","±4,776","(X)","(X)"
"        Some college or associate's degree","45,172","±450","(X)","(X)","51,871","±387","(X)","(X)","40,118","±395","(X)","(X)","48,615","±7,627","(X)","(X)","57,132","±6,690","(X)","(X)","40,992","±3,462","(X)","(X)","44,171","±2,825","(X)","(X)","50,275","±3,539","(X)","(X)","40,974","±1,407","(X)","(X)","49,231","±6,252","(X)","(X)","65,154","±14,328","(X)","(X)","36,153","±4,598","(X)","(X)"
"        Bachelor's degree","60,618","±338","(X)","(X)","72,241","±1,068","(X)","(X)","51,868","±345","(X)","(X)","52,060","±6,727","(X)","(X)","59,000","±12,803","(X)","(X)","50,679","±6,135","(X)","(X)","65,277","±3,906","(X)","(X)","75,458","±5,575","(X)","(X)","56,548","±3,799","(X)","(X)","61,287","±11,619","(X)","(X)","62,143","±17,776","(X)","(X)","56,242","±19,235","(X)","(X)"
"        Graduate or professional degree","79,288","±2,134","(X)","(X)","98,811","±2,715","(X)","(X)","67,396","±1,573","(X)","(X)","71,206","±10,467","(X)","(X)","72,039","±37,073","(X)","(X)","70,295","±19,147","(X)","(X)","82,104","±9,434","(X)","(X)","101,177","±7,688","(X)","(X)","73,617","±6,556","(X)","(X)","60,964","±10,528","(X)","(X)","61,617","±33,310","(X)","(X)","56,006","±18,433","(X)","(X)"